TypeName,Inches,Ram,OpSys,Weight,Price_in_euros,ips,touchscreen,resolution_parsed,first_storage,second_storage,first_type,second_storage_type,gpu_brand,cpu_brand
4,13.3,8,8,1.37,1339.69,True,False,7,128.0,-1.0,3,0,1,1
4,13.3,8,8,1.34,898.94,False,False,1,128.0,-1.0,0,0,1,1
3,15.6,8,4,1.86,575.0,False,False,3,256.0,-1.0,3,0,1,1
3,15.6,4,5,2.1,400.0,False,False,0,500.0,-1.0,1,0,0,0
4,13.3,8,8,1.34,1158.7,False,False,1,256.0,-1.0,0,0,1,1
4,14.0,16,5,1.3,1495.0,False,False,3,512.0,-1.0,3,0,2,1
4,14.0,8,5,1.6,770.0,True,False,3,256.0,-1.0,3,0,1,1
3,15.6,4,4,1.86,393.9,False,False,0,500.0,-1.0,1,0,1,1
3,15.6,4,4,1.86,344.99,False,False,3,500.0,-1.0,1,0,1,1
3,15.6,4,5,2.2,498.9,False,False,3,256.0,-1.0,3,0,0,1
4,12.0,8,8,0.92,1262.4,True,False,5,256.0,-1.0,3,0,1,1
3,15.6,8,5,2.2,745.0,False,False,3,256.0,-1.0,3,0,0,1
3,15.6,8,4,2.2,499.0,False,False,3,1024.0,-1.0,1,0,2,1
4,13.3,8,5,1.22,979.0,True,True,3,128.0,-1.0,3,0,1,1
2,11.6,2,5,0.98,191.9,False,False,0,32.0,-1.0,0,0,1,1
1,15.6,8,5,2.5,999.0,True,False,3,128.0,1024.0,3,1,2,1
3,15.6,4,4,1.86,258.0,False,False,0,500.0,-1.0,1,0,0,0
0,13.3,8,5,1.62,819.0,False,True,3,256.0,-1.0,3,0,1,1
4,15.6,8,5,1.91,659.0,False,False,3,256.0,-1.0,3,0,1,1
3,15.6,4,5,2.3,418.64,False,False,0,1024.0,-1.0,1,0,1,1
4,13.3,8,3,1.35,1099.0,False,False,1,128.0,-1.0,0,0,1,1
3,15.6,8,5,2.2,800.0,False,False,3,256.0,-1.0,3,0,0,1
4,15.6,8,5,1.88,1298.0,False,False,3,256.0,256.0,3,3,1,1
3,17.3,8,5,2.5,896.0,False,False,3,1024.0,-1.0,1,0,2,1
3,14.0,2,5,1.65,199.0,False,False,0,32.0,-1.0,0,0,0,0
3,17.3,4,5,2.71,439.0,False,False,3,500.0,-1.0,1,0,0,0
4,13.3,8,3,1.35,998.0,False,False,1,256.0,-1.0,0,0,1,1
3,14.0,4,5,1.44,249.0,False,False,0,64.0,-1.0,0,0,1,1
3,15.6,4,2,2.1,367.0,False,False,0,1024.0,-1.0,1,0,1,1
3,17.3,8,5,2.8,979.0,True,False,3,128.0,1024.0,3,1,0,1
3,15.6,4,5,1.86,488.69,False,False,0,1024.0,-1.0,1,0,1,1
3,15.6,8,5,2.1,879.0,False,False,3,256.0,-1.0,3,0,2,1
3,15.6,4,2,2.0,389.0,False,False,3,1024.0,-1.0,1,0,1,1
1,15.6,16,5,2.65,1499.0,True,False,3,256.0,1024.0,3,1,2,1
3,15.6,8,2,2.3,522.99,False,False,0,1024.0,-1.0,1,0,2,1
3,15.6,4,5,2.2,682.0,True,False,3,256.0,-1.0,3,0,1,1
0,17.3,12,5,2.77,999.0,False,True,3,1024.0,-1.0,1,0,2,1
4,13.3,8,8,1.37,1419.0,True,False,7,256.0,-1.0,3,0,1,1
3,15.6,4,4,2.2,369.0,False,False,0,128.0,-1.0,3,0,1,1
1,17.3,8,5,3.2,1299.0,False,False,3,256.0,1024.0,3,1,0,0
3,15.6,4,5,2.3,639.0,False,False,3,256.0,-1.0,3,0,0,1
3,17.3,4,5,2.8,466.0,False,False,0,1024.0,-1.0,1,0,2,1
0,10.1,4,0,0.69,319.0,True,True,4,64.0,-1.0,0,0,1,1
3,15.6,8,5,2.2,841.0,True,False,3,256.0,-1.0,3,0,2,1
3,15.6,4,5,1.86,398.49,False,False,3,256.0,-1.0,3,0,0,0
3,13.3,8,5,1.49,1103.0,False,False,3,512.0,-1.0,3,0,1,1
3,15.6,4,5,2.4,384.0,False,False,0,1024.0,-1.0,1,0,1,1
3,15.6,8,5,2.13,767.8,False,False,3,256.0,-1.0,3,0,0,1
3,15.6,4,5,1.91,439.0,False,False,3,128.0,-1.0,3,0,1,1
3,15.6,4,5,2.0,586.19,False,False,0,256.0,-1.0,3,0,1,1
3,15.6,4,2,2.0,415.0,False,False,3,256.0,-1.0,3,0,1,1
3,17.3,16,5,2.8,1299.0,False,False,3,256.0,2048.0,3,1,0,1
4,14.0,8,5,1.7,879.0,False,False,3,256.0,-1.0,3,0,1,1
3,14.0,8,4,1.7,599.0,True,False,3,256.0,-1.0,3,0,1,1
3,14.0,8,5,1.4,941.0,False,False,3,256.0,-1.0,3,0,1,1
3,15.6,8,5,1.86,690.0,False,False,3,256.0,-1.0,3,0,1,1
3,15.6,4,5,1.86,438.69,False,False,0,500.0,-1.0,1,0,0,1
3,14.0,4,5,1.44,229.0,False,False,0,32.0,-1.0,3,0,1,1
3,15.6,4,5,1.9,549.0,False,False,3,1024.0,-1.0,1,0,1,1
1,17.3,12,2,3.0,949.0,False,False,3,1024.0,-1.0,1,0,2,1
4,13.3,8,5,1.4,955.0,True,False,3,256.0,-1.0,3,0,0,1
3,15.6,8,5,2.2,870.0,False,False,3,256.0,-1.0,3,0,0,1
1,17.3,8,5,2.7,1095.0,False,False,3,128.0,1024.0,3,1,2,1
3,14.0,8,5,2.1,389.0,False,False,0,1024.0,-1.0,1,0,1,1
1,15.6,8,5,2.2,949.0,False,False,3,1024.0,-1.0,1,0,2,1
3,15.6,8,4,2.2,519.0,False,False,3,2048.0,-1.0,1,0,1,1
3,15.6,8,5,2.02,855.0,False,False,3,128.0,1024.0,3,1,1,1
3,15.6,4,5,2.2,530.0,False,False,3,1024.0,-1.0,1,0,2,1
3,17.3,8,5,2.5,977.0,False,False,3,128.0,1024.0,3,1,2,1
4,15.6,8,5,1.88,1096.16,True,False,3,256.0,-1.0,3,0,1,1
3,14.0,8,5,1.63,860.0,False,False,3,256.0,-1.0,3,0,1,1
3,15.6,4,5,2.2,399.0,False,False,3,128.0,-1.0,3,0,0,0
3,15.6,4,5,2.1,395.0,False,False,0,1024.0,-1.0,1,0,0,0
1,15.6,16,5,2.65,1349.0,True,False,3,128.0,1024.0,3,1,2,1
4,15.6,8,5,1.83,699.0,True,False,3,256.0,-1.0,3,0,2,1
3,15.6,8,5,1.96,598.99,False,False,3,256.0,-1.0,3,0,1,1
1,15.6,16,5,2.2,1449.0,True,False,3,128.0,1024.0,3,1,2,1
1,15.6,8,5,2.45,699.0,False,False,3,1024.0,-1.0,1,0,0,0
3,15.6,8,5,2.2,689.0,False,False,3,1024.0,-1.0,1,0,2,1
3,13.3,16,5,1.49,1197.0,False,False,3,512.0,-1.0,3,0,1,1
1,15.6,8,5,2.65,1195.0,False,False,3,256.0,-1.0,3,0,2,1
4,14.0,8,5,1.25,1049.0,False,False,3,256.0,-1.0,3,0,1,1
0,13.3,8,5,1.5,847.0,True,True,3,256.0,-1.0,3,0,1,1
3,15.6,8,2,2.2,599.9,False,False,3,1024.0,-1.0,1,0,0,1
3,15.6,4,2,2.2,485.0,False,False,3,256.0,-1.0,3,0,0,1
3,15.6,6,5,2.0,577.0,False,False,3,256.0,-1.0,3,0,2,1
1,15.6,12,5,2.62,1249.0,True,False,3,128.0,1024.0,3,1,2,1
3,15.6,8,5,1.91,719.0,False,False,3,256.0,-1.0,3,0,0,1
3,15.6,4,5,2.1,349.0,False,False,3,500.0,-1.0,1,0,0,0
3,15.6,8,2,2.2,647.0,False,False,3,1024.0,-1.0,1,0,0,1
4,13.3,8,5,1.38,1119.0,True,False,3,256.0,-1.0,3,0,2,1
3,14.0,6,5,1.58,659.0,True,False,3,256.0,-1.0,3,0,2,1
3,15.6,4,5,1.85,414.9,False,False,3,1024.0,-1.0,1,0,1,1
4,14.0,8,5,1.3,1193.0,True,False,3,256.0,-1.0,3,0,2,1
1,15.6,16,5,2.2,1299.0,False,False,3,256.0,1024.0,3,1,2,1
3,14.0,8,5,1.58,1480.0,True,False,3,256.0,-1.0,3,0,1,1
4,15.6,16,5,1.5,1262.0,False,False,3,256.0,1024.0,3,1,2,1
4,13.3,8,5,1.23,1379.0,False,True,6,256.0,-1.0,3,0,1,1
0,13.3,8,5,1.37,1399.0,True,True,3,256.0,-1.0,3,0,1,1
3,14.0,4,5,1.63,722.0,True,False,0,500.0,-1.0,1,0,1,1
0,13.3,8,5,1.26,1398.99,True,True,3,256.0,-1.0,3,0,1,1
3,14.0,8,5,1.63,1084.0,False,False,3,512.0,-1.0,3,0,1,1
3,15.6,8,5,2.16,1130.33,True,False,3,256.0,1024.0,3,1,2,1
3,17.3,4,5,2.0,564.0,False,False,3,1024.0,-1.0,1,0,2,1
3,15.6,8,5,1.7,1118.0,False,False,3,256.0,-1.0,3,0,2,1
3,15.6,6,5,2.1,479.0,True,True,3,1024.0,-1.0,1,0,1,1
3,15.6,8,4,2.2,629.0,False,False,3,256.0,-1.0,3,0,2,1
3,17.3,16,5,2.5,1271.0,False,False,3,512.0,-1.0,3,0,2,1
3,15.6,4,5,2.1,451.0,False,False,0,256.0,-1.0,3,0,0,0
3,15.6,4,4,1.86,259.0,False,False,0,500.0,-1.0,1,0,1,1
3,14.0,8,5,1.63,812.0,False,False,3,1024.0,-1.0,1,0,1,1
3,14.0,4,6,1.65,277.99,False,False,0,64.0,-1.0,3,0,0,0
3,17.3,16,5,2.8,1396.0,False,False,3,256.0,2048.0,3,1,0,1
3,17.3,8,5,2.5,928.0,False,False,3,256.0,-1.0,3,0,1,1
3,15.6,8,5,2.36,638.99,False,False,0,1024.0,-1.0,1,0,0,1
3,15.6,4,5,2.2,449.0,False,False,3,1024.0,-1.0,1,0,0,1
4,14.0,8,5,1.6,884.0,True,False,3,256.0,-1.0,3,0,1,1
3,15.6,4,5,2.2,572.0,False,False,3,256.0,-1.0,3,0,2,1
3,15.6,8,5,2.05,598.0,False,False,0,1024.0,-1.0,1,0,1,1
3,14.0,8,5,1.63,988.0,False,False,3,256.0,-1.0,3,0,1,1
3,15.6,4,4,1.9,252.36,False,False,0,1024.0,-1.0,1,0,1,1
1,17.3,8,5,3.0,938.0,False,False,3,128.0,1024.0,3,1,2,1
3,15.6,4,4,2.2,499.0,False,False,3,1024.0,-1.0,1,0,2,1
3,13.3,4,5,1.32,699.0,True,False,3,256.0,-1.0,3,0,1,1
3,17.3,4,5,3.0,655.0,True,False,3,1024.0,-1.0,1,0,2,1
3,14.0,8,5,1.75,1116.02,True,False,3,256.0,-1.0,3,0,0,1
1,15.6,8,4,2.4,869.0,True,False,3,256.0,-1.0,3,0,2,1
3,15.6,4,5,2.1,602.0,False,False,0,500.0,-1.0,1,0,1,1
3,15.6,4,5,1.86,369.0,False,False,0,256.0,-1.0,3,0,0,0
4,14.0,8,5,1.25,1099.0,False,False,3,256.0,-1.0,3,0,1,1
3,15.6,4,5,2.0,344.0,False,False,3,1024.0,-1.0,1,0,1,1
3,15.6,4,5,2.1,447.0,False,False,0,1024.0,-1.0,1,0,1,1
1,15.6,16,5,2.56,1249.26,False,False,3,512.0,-1.0,3,0,2,1
1,15.6,8,5,2.62,899.0,False,False,3,1024.0,-1.0,2,0,2,1
3,15.6,4,5,1.9,498.0,False,False,0,128.0,-1.0,3,0,1,1
4,14.0,4,5,1.48,1082.0,False,False,3,256.0,-1.0,3,0,1,1
3,15.6,6,5,1.91,619.0,False,False,3,256.0,-1.0,3,0,0,1
0,14.0,4,5,1.74,629.0,True,True,3,256.0,-1.0,3,0,1,1
0,13.3,8,5,1.1,1315.0,False,True,3,256.0,-1.0,3,0,1,1
0,15.6,8,5,1.56,1049.0,False,True,3,256.0,-1.0,3,0,1,1
3,15.6,4,5,2.1,447.0,False,False,0,500.0,-1.0,1,0,1,1
3,15.6,4,5,2.03,403.0,False,False,0,1024.0,-1.0,1,0,0,0
3,17.3,4,5,3.0,805.0,True,False,3,256.0,-1.0,3,0,2,1
3,15.6,8,5,2.13,728.0,False,False,3,256.0,-1.0,3,0,0,1
1,15.6,16,5,2.5,1079.0,True,False,3,256.0,-1.0,3,0,2,1
3,15.6,4,5,2.1,348.0,False,False,0,1024.0,-1.0,1,0,1,1
3,15.6,4,5,2.1,363.51,False,False,0,1024.0,-1.0,1,0,1,1
1,15.6,8,5,2.56,1060.49,False,False,3,128.0,1024.0,3,1,2,1
3,17.3,8,5,3.0,854.0,True,False,3,256.0,-1.0,3,0,2,1
3,13.3,4,5,1.49,754.0,True,False,3,500.0,-1.0,1,0,1,1
3,17.3,6,5,2.71,699.0,True,False,3,2048.0,-1.0,1,0,0,1
3,15.6,4,4,2.2,309.0,False,False,0,500.0,-1.0,1,0,0,0
3,15.6,4,5,2.0,489.0,False,False,0,500.0,-1.0,1,0,1,1
3,17.3,8,5,2.5,923.0,False,False,3,256.0,-1.0,3,0,2,1
3,15.6,8,5,2.3,459.0,False,False,0,1024.0,-1.0,1,0,1,1
3,15.6,4,5,2.1,449.0,False,False,0,128.0,-1.0,3,0,1,1
3,15.6,8,5,1.9,813.0,False,False,3,128.0,1024.0,3,1,0,1
0,13.3,8,5,1.29,1499.0,True,True,9,256.0,-1.0,3,0,1,1
3,15.6,16,2,2.02,1049.0,False,False,3,256.0,2048.0,3,1,0,1
4,13.3,8,5,1.23,1399.0,False,False,3,256.0,-1.0,3,0,1,1
3,15.6,8,5,2.0,793.0,False,False,0,128.0,-1.0,3,0,1,1
1,15.6,8,4,2.4,779.0,True,False,3,256.0,-1.0,3,0,2,1
4,13.3,8,5,1.12,989.0,True,False,3,256.0,-1.0,3,0,1,1
3,17.3,8,5,2.8,1085.0,False,False,3,128.0,1024.0,3,1,0,1
3,17.3,8,4,2.8,698.0,False,False,2,256.0,-1.0,3,0,2,1
0,13.3,8,5,1.62,839.0,True,True,3,1024.0,-1.0,1,0,1,1
3,17.3,8,5,2.5,914.0,True,False,3,1024.0,-1.0,1,0,2,1
3,13.3,8,5,1.49,959.0,False,False,3,512.0,-1.0,3,0,1,1
1,17.3,16,5,3.35,1379.0,True,False,3,256.0,1024.0,3,1,2,1
3,17.3,8,5,2.5,1045.0,False,False,3,256.0,-1.0,3,0,2,1
3,15.6,4,5,2.1,493.0,False,False,0,128.0,-1.0,3,0,1,1
3,15.6,8,5,2.23,742.0,False,False,3,1024.0,-1.0,1,0,2,1
1,15.6,16,4,2.4,1398.0,False,False,3,512.0,-1.0,3,0,2,1
3,15.6,6,5,2.3,439.0,False,True,0,1024.0,-1.0,1,0,1,1
4,13.3,8,5,1.2,1449.0,False,False,3,256.0,-1.0,3,0,1,1
3,15.6,8,5,2.2,597.0,False,False,0,256.0,-1.0,3,0,1,1
3,15.6,8,2,2.4,779.0,False,False,3,1024.0,-1.0,1,0,2,1
1,17.3,16,5,2.9,1407.0,False,False,3,256.0,1024.0,3,1,2,1
3,15.6,4,4,2.1,349.0,False,False,3,500.0,-1.0,1,0,1,1
3,15.6,8,4,2.2,549.0,False,False,3,256.0,-1.0,3,0,1,1
4,13.3,8,5,1.4,931.88,True,False,3,256.0,-1.0,3,0,0,1
3,17.3,8,4,2.8,589.0,False,False,2,1024.0,-1.0,1,0,2,1
3,14.0,8,5,1.63,1031.0,False,False,3,256.0,-1.0,3,0,2,1
4,14.0,8,5,1.6,1149.0,False,False,3,256.0,-1.0,3,0,1,1
0,13.3,16,5,1.62,1279.0,False,True,3,512.0,-1.0,3,0,1,1
3,15.6,8,2,2.2,677.35,False,False,3,256.0,-1.0,3,0,0,1
0,14.0,8,5,1.74,899.0,True,False,3,256.0,-1.0,3,0,1,1
4,13.3,8,5,1.2,1363.0,False,False,3,256.0,-1.0,3,0,1,1
3,15.6,8,5,2.1,794.0,False,False,3,1024.0,-1.0,1,0,1,1
3,15.6,8,5,2.2,832.0,False,False,3,256.0,-1.0,3,0,2,1
3,15.6,16,5,2.3,859.01,False,True,3,1024.0,-1.0,1,0,0,1
3,15.6,8,5,2.0,769.0,False,False,3,256.0,-1.0,3,0,2,1
3,17.3,8,5,2.69,891.0,False,False,3,256.0,500.0,3,1,2,1
3,15.6,8,5,1.9,1269.0,False,False,3,1024.0,-1.0,1,0,0,1
3,15.6,4,5,2.37,398.99,False,False,0,1024.0,-1.0,1,0,1,1
3,15.6,4,5,2.1,330.0,False,False,0,500.0,-1.0,1,0,0,0
1,15.6,16,5,3.2,1499.0,True,False,3,256.0,1024.0,3,1,2,1
3,14.0,8,5,1.6,859.0,False,False,3,256.0,-1.0,3,0,1,1
0,13.3,8,5,1.6,689.0,True,True,3,256.0,-1.0,3,0,1,1
3,15.6,16,2,2.36,899.0,False,False,3,256.0,-1.0,3,0,0,1
3,15.6,4,2,2.1,390.0,False,False,0,1024.0,-1.0,1,0,1,1
3,15.6,4,5,2.2,575.0,False,False,3,128.0,1024.0,3,1,0,0
1,15.6,8,5,2.5,846.0,True,False,3,256.0,-1.0,3,0,2,1
3,15.6,8,5,2.2,589.0,False,False,0,128.0,-1.0,3,0,1,1
3,17.3,8,5,2.1,1145.0,False,False,3,128.0,1024.0,3,1,2,1
3,17.3,8,4,2.69,889.0,False,False,3,128.0,1024.0,3,1,2,1
1,15.6,8,5,2.56,879.0,False,False,3,256.0,-1.0,3,0,2,1
0,13.9,8,5,1.38,1079.0,True,True,3,256.0,-1.0,3,0,1,1
3,15.6,8,5,2.2,985.0,False,False,3,128.0,2048.0,3,1,0,1
3,15.6,8,5,2.04,559.0,False,True,0,1024.0,-1.0,1,0,1,1
3,13.3,4,5,1.49,675.0,True,False,3,500.0,-1.0,1,0,1,1
0,15.6,8,5,2.08,819.0,True,True,3,1024.0,-1.0,1,0,1,1
3,15.6,4,5,1.68,469.0,False,False,0,1024.0,-1.0,1,0,0,0
3,17.3,4,5,3.0,702.0,True,False,3,256.0,-1.0,3,0,2,1
4,13.3,8,5,1.41,949.0,False,False,3,256.0,-1.0,3,0,1,1
3,15.6,8,5,1.91,445.9,False,False,0,128.0,-1.0,3,0,0,0
3,17.3,16,5,2.9,1059.0,True,False,3,1024.0,-1.0,1,0,2,1
3,17.3,8,5,2.8,1142.0,False,False,3,128.0,1024.0,3,1,0,1
3,15.6,4,4,2.2,444.0,False,False,3,256.0,-1.0,3,0,1,1
3,15.6,4,5,2.1,722.0,True,False,3,500.0,-1.0,1,0,1,1
3,15.6,4,5,2.18,657.0,False,False,3,1024.0,-1.0,1,0,1,1
3,15.6,8,5,2.24,565.0,False,False,3,1024.0,-1.0,1,0,0,1
0,15.6,8,5,2.67,799.0,False,True,3,256.0,-1.0,3,0,1,1
0,13.3,8,5,1.1,1499.0,False,True,3,512.0,512.0,3,3,1,1
3,15.6,4,4,2.2,467.0,False,False,3,1024.0,-1.0,1,0,1,1
3,17.3,8,5,2.5,1018.0,False,False,3,1024.0,-1.0,1,0,2,1
3,15.6,8,5,2.05,880.0,False,False,3,256.0,-1.0,3,0,1,1
3,15.6,8,2,2.14,735.07,False,False,3,256.0,-1.0,3,0,0,1
3,15.6,8,5,2.2,812.0,False,False,0,500.0,-1.0,1,0,2,1
3,15.6,12,5,2.3,713.07,False,False,0,1024.0,-1.0,1,0,1,1
3,17.3,8,2,2.8,1099.0,False,False,3,128.0,1024.0,3,1,0,1
3,15.6,8,5,2.2,745.0,True,False,3,1024.0,-1.0,1,0,2,1
3,17.3,4,5,2.8,489.0,False,False,2,1024.0,-1.0,1,0,1,1
3,17.3,8,4,2.8,849.0,False,False,3,2048.0,-1.0,1,0,2,1
3,17.3,6,5,2.8,859.0,False,False,2,128.0,1024.0,3,1,2,1
3,15.6,4,2,2.25,428.0,False,False,3,1024.0,-1.0,1,0,0,1
1,15.6,8,5,2.5,829.0,True,False,3,256.0,-1.0,3,0,2,1
3,15.6,6,5,2.2,579.0,False,False,3,256.0,-1.0,3,0,1,1
3,15.6,8,5,3.0,951.0,True,False,3,256.0,-1.0,3,0,2,1
3,15.6,12,5,2.15,659.0,True,True,3,1024.0,-1.0,1,0,1,1
3,15.6,8,5,1.95,1097.0,True,False,3,256.0,-1.0,3,0,1,1
4,15.6,8,5,1.7,977.0,False,False,3,256.0,-1.0,3,0,2,1
1,15.6,16,5,2.5,1179.0,True,False,3,256.0,1024.0,3,1,2,1
3,15.6,8,4,2.2,659.01,False,False,3,1024.0,-1.0,1,0,2,1
3,15.6,2,1,2.19,199.0,False,False,0,16.0,-1.0,3,0,1,1
1,17.3,8,5,3.0,1187.0,False,False,3,1024.0,-1.0,1,0,2,1
3,17.3,8,5,2.54,489.0,False,False,2,1024.0,-1.0,1,0,1,1
3,15.6,8,5,2.05,739.0,False,False,3,256.0,-1.0,3,0,1,1
1,15.6,8,5,3.2,1299.0,True,False,3,1024.0,-1.0,1,0,2,1
3,15.6,8,2,2.5,979.0,False,False,3,256.0,-1.0,3,0,2,1
3,15.6,6,5,2.4,499.0,False,False,3,1024.0,-1.0,1,0,0,0
4,15.6,16,5,1.63,1468.0,False,False,3,512.0,-1.0,3,0,2,1
3,14.0,4,5,1.3,509.0,False,False,0,128.0,-1.0,3,0,1,1
3,17.3,6,5,2.8,649.0,False,False,2,1024.0,-1.0,1,0,2,1
3,15.6,8,4,2.2,549.0,False,False,0,2048.0,-1.0,1,0,2,1
1,15.6,8,5,2.5,1265.0,False,False,3,128.0,1024.0,3,1,2,1
3,15.6,4,4,2.2,359.99,False,False,0,1024.0,-1.0,1,0,1,1
3,15.6,8,5,2.2,1043.0,True,False,3,256.0,-1.0,3,0,2,1
3,15.6,8,5,2.3,819.0,False,False,3,128.0,1024.0,3,1,2,1
3,15.6,4,5,1.86,469.0,False,False,3,1024.0,-1.0,1,0,1,1
3,13.3,8,5,1.1,999.0,True,False,3,256.0,-1.0,3,0,1,1
3,15.6,8,5,2.23,469.0,False,False,3,256.0,-1.0,3,0,0,0
0,11.6,2,5,1.1,275.0,False,True,0,32.0,-1.0,0,0,1,1
3,15.6,8,5,2.33,844.0,False,False,3,128.0,1024.0,3,1,0,1
3,13.3,4,1,1.45,459.9,False,False,0,16.0,-1.0,0,0,1,1
3,14.0,8,5,1.95,980.0,False,False,3,256.0,-1.0,3,0,1,1
3,11.6,4,5,1.4,485.0,False,False,0,128.0,-1.0,0,0,1,1
3,14.0,8,5,1.48,1292.0,False,False,3,256.0,-1.0,3,0,1,1
3,17.3,4,5,2.79,589.0,False,False,2,1024.0,-1.0,1,0,2,1
3,14.0,8,5,2.0,1094.0,False,False,3,256.0,-1.0,3,0,1,1
3,15.6,8,5,2.1,902.0,True,False,3,1024.0,-1.0,1,0,1,1
3,15.6,8,5,2.2,659.0,False,False,0,256.0,-1.0,3,0,0,0
3,14.0,4,5,1.44,292.0,False,False,0,32.0,-1.0,0,0,1,1
3,15.6,6,5,2.23,549.0,False,False,0,1024.0,-1.0,1,0,1,1
4,15.6,8,5,1.7,1049.9,False,False,3,256.0,-1.0,3,0,2,1
4,12.5,8,5,1.26,1335.0,False,False,3,256.0,-1.0,3,0,1,1
1,17.3,8,5,2.7,1199.0,False,False,3,256.0,1024.0,3,1,2,1
3,15.6,8,5,2.0,943.0,True,False,3,256.0,-1.0,3,0,1,1
3,14.0,8,5,2.0,1334.0,False,False,3,256.0,1024.0,3,1,1,1
3,15.6,4,5,1.85,449.0,False,False,3,1024.0,-1.0,1,0,1,1
1,15.6,8,5,2.5,999.0,False,False,3,256.0,-1.0,3,0,2,1
3,14.0,8,5,1.48,1268.0,False,False,3,256.0,-1.0,3,0,1,1
4,15.6,8,5,1.9,1049.0,True,False,3,128.0,1024.0,3,1,2,1
3,15.6,8,5,1.84,1144.0,False,False,3,256.0,-1.0,3,0,1,1
3,15.6,4,2,2.0,274.99,False,False,0,1024.0,-1.0,1,0,1,1
3,15.6,8,5,2.0,1142.75,False,False,3,256.0,-1.0,3,0,2,1
3,15.6,4,2,2.2,274.9,False,False,0,500.0,-1.0,1,0,1,1
3,15.6,12,5,2.2,899.0,False,False,3,2048.0,-1.0,1,0,0,0
3,15.6,8,5,2.1,716.0,True,False,3,1024.0,-1.0,1,0,2,1
1,15.6,16,5,2.4,1129.0,True,False,3,256.0,2048.0,3,1,2,1
3,14.0,2,5,1.44,279.0,False,False,0,32.0,-1.0,0,0,1,1
0,11.6,4,5,1.5,375.0,False,True,0,32.0,-1.0,0,0,1,1
4,15.6,8,5,1.9,663.0,False,False,3,1024.0,-1.0,1,0,0,1
3,15.6,8,5,1.84,1304.0,False,False,3,256.0,-1.0,3,0,1,1
1,17.3,8,5,2.7,1409.0,False,False,3,128.0,1024.0,3,1,2,1
3,15.6,16,5,2.4,1403.0,True,False,3,512.0,-1.0,3,0,2,1
3,15.6,8,5,2.02,970.9,False,False,3,128.0,2048.0,3,1,0,1
3,15.6,4,4,2.2,321.99,False,False,0,1024.0,-1.0,1,0,1,1
1,15.6,8,5,2.65,999.0,False,False,3,1024.0,-1.0,1,0,2,1
3,15.6,8,5,2.36,557.37,False,True,0,2048.0,-1.0,1,0,1,1
3,14.0,8,5,1.36,1427.0,False,False,3,256.0,-1.0,3,0,1,1
3,15.6,4,5,1.86,439.0,False,False,0,500.0,-1.0,1,0,1,1
3,14.0,8,5,2.0,945.0,False,False,3,256.0,-1.0,3,0,1,1
3,17.3,6,5,2.8,719.0,False,False,2,128.0,1024.0,3,1,2,1
3,15.6,8,5,1.86,639.0,False,False,3,1024.0,-1.0,1,0,1,1
3,15.6,8,4,2.2,499.0,False,False,0,256.0,-1.0,3,0,2,1
3,15.6,8,5,2.04,389.0,False,False,0,2048.0,-1.0,1,0,1,1
3,17.3,8,5,2.8,1085.0,False,False,3,128.0,1024.0,3,1,0,1
1,15.6,8,4,2.4,809.0,True,False,3,128.0,1024.0,3,1,2,1
3,15.6,8,5,2.33,899.0,False,False,3,256.0,-1.0,3,0,0,1
0,15.6,12,5,2.26,1099.0,False,True,3,512.0,2048.0,3,1,2,1
3,15.6,4,5,2.1,426.0,False,False,0,128.0,-1.0,3,0,0,0
3,17.3,4,5,2.6,489.0,False,False,2,128.0,-1.0,3,0,0,0
0,13.3,8,5,1.62,869.01,False,True,3,256.0,-1.0,3,0,1,1
3,15.6,4,5,1.91,488.99,False,False,3,256.0,-1.0,3,0,0,0
2,11.6,4,5,1.59,553.0,True,False,0,128.0,-1.0,3,0,1,1
3,15.6,4,5,1.8,309.0,False,False,0,500.0,-1.0,1,0,1,1
3,14.0,4,5,1.5,286.0,False,False,0,32.0,-1.0,0,0,1,1
3,15.6,8,2,2.4,846.0,False,False,3,1024.0,-1.0,1,0,2,1
1,17.3,8,5,3.35,1191.0,True,False,3,128.0,1024.0,3,1,2,1
3,15.6,4,4,1.85,403.5,False,False,3,128.0,-1.0,3,0,1,1
3,14.0,8,5,1.5,1099.0,True,False,3,256.0,-1.0,3,0,2,1
3,13.3,4,5,1.5,549.0,True,False,3,128.0,-1.0,3,0,1,1
5,15.6,8,5,2.23,1369.0,False,False,3,500.0,-1.0,1,0,0,1
1,17.3,8,5,3.0,1039.0,False,False,3,1024.0,-1.0,1,0,2,1
3,15.6,12,5,2.2,693.99,True,False,0,1024.0,-1.0,1,0,2,1
1,17.3,8,5,2.7,1349.0,False,False,3,256.0,-1.0,3,0,2,1
3,15.6,8,2,2.33,778.87,False,False,3,256.0,-1.0,3,0,0,1
4,15.6,4,5,1.91,499.0,False,False,3,256.0,-1.0,3,0,0,0
3,15.6,8,5,2.1,1229.56,True,False,3,256.0,-1.0,3,0,0,1
3,14.0,8,5,1.9,938.0,True,False,3,256.0,-1.0,3,0,1,1
3,15.6,4,5,2.2,306.0,False,False,0,1024.0,-1.0,1,0,1,1
3,15.6,8,5,2.1,1144.5,True,False,3,256.0,1024.0,3,1,0,1
3,15.6,8,2,2.5,879.0,False,False,3,256.0,-1.0,3,0,2,1
3,15.6,4,5,2.2,409.0,False,False,3,500.0,-1.0,1,0,1,1
3,11.6,2,5,1.15,304.45,False,False,0,32.0,-1.0,0,0,1,1
3,15.6,4,5,2.1,469.0,False,False,3,1024.0,-1.0,1,0,0,1
0,13.3,8,5,1.6,789.01,True,True,3,256.0,-1.0,3,0,1,1
0,13.3,8,5,1.27,928.0,True,True,3,256.0,-1.0,3,0,1,1
3,15.6,4,2,2.3,598.9,False,False,3,256.0,-1.0,3,0,0,1
3,13.3,4,5,1.65,689.0,False,False,0,128.0,-1.0,3,0,1,1
4,14.0,8,5,1.43,1500.0,False,False,3,256.0,-1.0,3,0,1,1
3,15.6,8,5,2.14,539.95,False,False,0,1024.0,-1.0,1,0,1,1
4,14.0,8,5,1.75,1215.38,True,False,3,256.0,-1.0,3,0,0,1
3,15.6,8,5,2.31,1427.0,False,False,3,256.0,-1.0,3,0,1,1
3,15.6,8,2,2.3,597.0,False,False,3,1024.0,-1.0,1,0,2,1
1,15.6,8,5,2.62,1159.0,True,False,3,128.0,1024.0,3,1,2,1
3,15.6,8,5,2.02,1142.4,False,False,3,256.0,2048.0,3,1,0,1
4,14.0,8,2,1.6,1099.0,False,False,3,256.0,-1.0,3,0,1,1
3,13.3,8,5,1.4,1010.0,True,False,3,256.0,-1.0,3,0,1,1
3,14.0,4,5,1.7,599.0,True,False,3,128.0,-1.0,3,0,1,1
3,15.6,4,5,2.1,347.0,False,False,0,500.0,-1.0,1,0,1,1
3,15.6,4,2,2.0,559.0,False,False,3,256.0,-1.0,3,0,1,1
3,17.3,8,5,2.8,519.0,False,False,2,1024.0,-1.0,1,0,0,0
3,15.6,4,5,2.2,749.0,False,False,3,256.0,-1.0,3,0,0,1
4,12.5,8,5,1.36,1429.0,True,False,3,256.0,-1.0,3,0,1,1
3,15.6,4,5,2.2,349.0,False,False,3,128.0,-1.0,3,0,1,1
1,15.6,8,5,2.2,1099.0,True,False,3,128.0,1024.0,3,1,2,1
3,14.0,8,5,1.64,1179.0,False,False,3,256.0,-1.0,3,0,2,1
3,15.6,4,2,2.4,441.8,False,False,0,500.0,-1.0,1,0,1,1
1,15.6,8,5,2.2,1027.74,False,False,3,256.0,-1.0,3,0,2,1
3,15.6,8,5,1.91,589.0,False,False,0,128.0,-1.0,3,0,1,1
3,14.0,8,5,1.65,1345.0,False,False,3,256.0,-1.0,3,0,1,1
3,15.6,8,5,2.36,979.0,False,False,3,128.0,1024.0,3,1,0,1
0,11.6,4,5,1.47,479.0,False,True,0,500.0,-1.0,1,0,1,1
3,17.3,8,5,2.5,639.9,False,False,2,256.0,-1.0,3,0,1,1
3,15.6,4,5,2.23,544.0,False,False,3,1024.0,-1.0,1,0,2,1
2,11.6,4,5,1.4,435.0,False,False,0,128.0,-1.0,3,0,1,1
3,15.6,8,5,2.37,749.0,False,False,3,1024.0,-1.0,1,0,1,1
3,14.0,8,4,1.5,799.0,True,False,3,512.0,-1.0,3,0,0,1
3,15.6,4,5,2.0,304.0,False,False,0,500.0,-1.0,1,0,1,1
3,15.6,4,5,2.2,469.0,False,False,0,500.0,-1.0,1,0,2,1
3,15.6,8,5,2.02,759.0,False,False,3,2048.0,-1.0,1,0,0,1
3,15.6,8,5,1.9,1154.0,False,False,3,500.0,-1.0,1,0,0,1
3,15.6,12,5,2.06,1299.0,True,False,9,128.0,1024.0,3,1,1,1
3,14.0,8,5,1.79,740.0,False,False,0,128.0,-1.0,3,0,1,1
3,14.0,8,5,1.7,1364.0,False,False,3,180.0,-1.0,3,0,1,1
3,15.6,8,5,2.2,675.0,False,False,3,1024.0,-1.0,1,0,0,1
3,15.6,8,5,2.16,1262.0,True,False,3,512.0,-1.0,3,0,2,1
3,15.6,4,5,2.18,586.6,False,False,0,1024.0,-1.0,1,0,1,1
3,13.3,4,5,1.49,726.0,True,False,3,128.0,-1.0,3,0,1,1
3,15.6,4,5,2.3,565.0,False,False,0,128.0,-1.0,3,0,1,1
3,14.0,8,5,1.75,1049.0,True,False,3,256.0,-1.0,3,0,1,1
3,15.6,8,5,2.3,1011.99,True,False,3,256.0,-1.0,3,0,2,1
1,15.6,8,5,1.99,1350.0,False,False,3,128.0,1024.0,3,1,2,1
3,15.6,8,5,2.2,579.0,False,False,0,1024.0,-1.0,1,0,0,0
1,17.3,24,5,4.33,1269.0,True,True,3,256.0,1024.0,3,1,2,1
4,12.5,8,5,1.3,1099.0,True,False,0,180.0,-1.0,3,0,1,1
3,15.6,8,5,2.17,898.9,False,False,3,256.0,-1.0,3,0,1,1
3,13.3,8,5,1.4,949.0,True,False,3,256.0,-1.0,3,0,1,1
3,15.6,8,5,2.3,911.0,True,False,3,256.0,-1.0,3,0,1,1
2,11.6,4,6,1.2,340.0,False,False,0,64.0,-1.0,0,0,1,1
3,15.6,8,5,1.91,618.99,False,False,0,256.0,-1.0,3,0,0,1
3,14.0,4,5,2.1,299.0,False,False,0,500.0,-1.0,1,0,1,1
2,11.6,4,1,1.25,265.0,False,False,0,16.0,-1.0,3,0,1,1
3,13.3,8,5,1.44,949.0,False,False,3,256.0,-1.0,3,0,1,1
3,15.6,8,5,2.0,1224.0,False,False,3,256.0,1024.0,3,1,1,1
3,15.6,4,5,2.2,613.0,True,False,3,1024.0,-1.0,1,0,2,1
4,13.3,8,5,1.34,1323.0,True,False,3,512.0,-1.0,3,0,1,1
1,15.6,8,4,2.4,1149.0,True,False,3,256.0,1024.0,3,1,2,1
4,13.3,8,5,1.29,899.0,True,True,3,128.0,-1.0,3,0,1,1
3,15.6,4,5,2.2,639.0,False,False,3,500.0,-1.0,1,0,2,1
3,15.6,8,5,2.18,836.0,False,False,3,1024.0,-1.0,1,0,1,1
3,15.6,16,5,2.2,1219.24,False,False,3,256.0,2048.0,3,1,0,1
2,11.6,2,5,1.1,245.0,False,False,0,32.0,-1.0,0,0,1,1
3,15.6,4,5,2.04,521.47,False,True,0,1024.0,-1.0,1,0,1,1
3,15.6,8,5,2.04,889.0,False,False,3,256.0,-1.0,3,0,2,1
1,15.6,8,5,3.2,1399.0,True,False,3,256.0,1024.0,3,1,2,1
4,13.3,8,5,1.32,1399.0,True,False,3,256.0,-1.0,3,0,1,1
3,14.0,8,5,1.64,1279.73,False,False,3,256.0,-1.0,3,0,1,1
3,15.6,4,5,1.63,689.0,False,False,0,128.0,-1.0,3,0,1,1
3,17.3,8,2,2.8,889.0,True,False,3,128.0,1024.0,3,1,0,1
3,14.0,8,7,2.02,1340.0,False,False,3,256.0,-1.0,3,0,1,1
3,15.6,4,5,2.2,799.0,False,False,3,1024.0,-1.0,1,0,2,1
3,15.6,8,4,2.2,459.0,False,False,0,2048.0,-1.0,1,0,2,1
3,15.6,4,5,2.3,585.0,False,False,3,500.0,-1.0,1,0,0,1
3,15.6,8,5,1.9,1377.0,False,False,3,256.0,-1.0,3,0,1,1
3,15.6,8,5,2.0,860.0,True,False,3,500.0,-1.0,1,0,1,1
3,15.6,8,5,2.0,1299.0,True,False,9,256.0,1024.0,3,1,2,1
3,15.6,8,5,1.93,1369.0,False,False,3,256.0,-1.0,3,0,2,1
3,15.6,8,5,2.2,797.41,False,False,3,256.0,-1.0,3,0,0,1
3,15.6,4,5,1.86,398.99,False,False,3,256.0,-1.0,3,0,1,1
3,14.0,8,5,1.87,859.0,True,False,3,256.0,-1.0,3,0,2,1
4,13.3,8,5,1.2,1399.0,False,True,6,256.0,-1.0,3,0,1,1
3,14.0,4,5,1.6,735.87,False,False,3,128.0,-1.0,3,0,1,1
4,13.3,8,5,1.34,1145.0,True,False,6,256.0,-1.0,3,0,1,1
1,15.6,8,2,2.4,798.0,False,False,3,1024.0,-1.0,1,0,2,1
3,15.6,4,5,2.0,349.0,False,False,0,500.0,-1.0,1,0,0,0
3,15.6,4,5,2.1,705.5,False,False,3,128.0,-1.0,3,0,1,1
3,14.0,4,5,1.87,785.0,False,False,3,500.0,-1.0,1,0,1,1
3,15.6,4,4,2.15,462.35,False,False,3,1024.0,-1.0,1,0,1,1
3,15.6,4,5,1.86,397.0,False,False,3,500.0,-1.0,1,0,1,1
3,15.6,4,5,2.2,499.0,False,False,3,128.0,-1.0,3,0,1,1
3,15.6,8,5,1.9,1116.99,False,False,3,256.0,-1.0,3,0,1,1
3,17.3,8,5,2.65,544.15,False,False,2,1024.0,-1.0,1,0,1,1
3,17.3,8,5,2.63,1280.0,False,False,3,1024.0,-1.0,1,0,2,1
3,15.6,4,2,2.0,224.0,False,False,0,500.0,-1.0,1,0,1,1
3,17.3,6,5,2.8,949.0,False,False,2,128.0,1024.0,3,1,2,1
3,15.6,6,5,1.91,568.9,True,False,3,128.0,-1.0,3,0,0,0
3,15.6,4,5,2.18,617.9,False,False,0,1024.0,-1.0,1,0,0,1
0,11.6,4,5,1.25,349.0,True,True,3,32.0,-1.0,0,0,1,1
3,15.6,4,5,2.05,630.0,False,False,3,128.0,-1.0,3,0,1,1
3,15.6,8,5,2.5,839.0,False,False,3,128.0,1024.0,3,1,2,1
3,15.6,4,5,1.93,959.0,False,False,0,500.0,-1.0,1,0,1,1
3,15.6,4,5,2.2,344.0,False,False,3,500.0,-1.0,1,0,1,1
3,14.0,4,5,2.02,990.0,False,False,0,500.0,-1.0,1,0,1,1
3,14.0,8,5,1.94,389.0,False,False,0,2048.0,-1.0,1,0,1,1
3,15.6,6,5,1.95,649.0,True,False,3,256.0,-1.0,3,0,0,0
3,15.6,8,5,2.3,830.0,False,False,3,256.0,-1.0,3,0,1,1
3,15.6,4,5,2.05,685.0,False,False,3,500.0,-1.0,1,0,1,1
3,15.6,8,2,2.2,749.01,False,False,3,256.0,-1.0,3,0,0,1
3,15.6,8,5,1.9,1008.52,False,False,0,500.0,-1.0,1,0,1,1
3,13.3,4,5,1.49,719.0,False,False,3,128.0,-1.0,3,0,1,1
2,11.6,4,1,1.26,295.0,False,False,0,16.0,-1.0,0,0,1,1
1,17.3,16,5,3.78,1498.0,True,False,3,256.0,1024.0,3,1,2,1
3,15.6,12,5,2.2,609.0,False,True,0,1024.0,-1.0,1,0,1,1
0,15.6,8,5,2.2,739.0,False,True,0,1024.0,-1.0,1,0,1,1
3,15.6,12,5,2.2,949.0,False,False,3,512.0,-1.0,3,0,0,0
0,11.6,4,5,1.39,603.0,False,True,0,128.0,-1.0,3,0,1,1
3,17.3,4,4,2.8,529.0,False,False,3,500.0,-1.0,1,0,1,1
3,15.6,8,5,2.29,459.0,False,False,0,1024.0,-1.0,1,0,1,1
3,14.0,8,5,1.7,1474.0,True,False,3,256.0,-1.0,3,0,1,1
3,15.6,8,5,1.84,1219.0,False,False,3,256.0,-1.0,3,0,1,1
3,15.6,4,5,2.1,668.48,False,False,0,500.0,-1.0,1,0,1,1
3,14.0,4,5,1.6,329.0,False,False,3,32.0,-1.0,0,0,1,1
3,15.6,4,2,2.18,465.0,False,False,0,1024.0,-1.0,1,0,0,1
3,15.6,8,5,2.2,1399.0,True,False,3,256.0,-1.0,3,0,1,1
3,15.6,6,5,2.4,564.0,False,False,3,1024.0,-1.0,1,0,1,1
0,15.6,8,5,2.0,1299.0,True,True,3,256.0,-1.0,3,0,1,1
3,14.0,4,5,1.6,349.0,False,False,0,128.0,-1.0,0,0,1,1
1,15.6,16,5,2.59,879.01,False,False,3,1024.0,-1.0,1,0,2,1
3,15.6,4,2,2.18,443.9,False,False,0,1024.0,-1.0,1,0,1,1
3,15.6,4,2,2.25,359.0,False,False,0,1024.0,-1.0,1,0,1,1
3,15.6,4,2,1.93,869.0,False,False,0,500.0,-1.0,1,0,1,1
1,17.3,8,5,3.0,1168.0,False,False,3,128.0,1024.0,3,1,2,1
3,15.6,4,2,2.18,569.0,False,False,3,128.0,-1.0,3,0,0,1
4,15.6,8,5,1.84,1389.0,False,False,3,512.0,-1.0,3,0,1,1
0,11.6,4,1,1.25,379.0,True,True,0,32.0,-1.0,0,0,1,1
3,14.0,8,5,2.31,1124.0,False,False,0,256.0,-1.0,3,0,1,1
3,14.0,8,7,1.65,1465.0,False,False,3,256.0,-1.0,3,0,1,1
3,15.6,4,5,2.2,776.0,False,False,3,1024.0,-1.0,1,0,0,1
3,15.6,4,7,1.88,932.0,False,False,0,500.0,-1.0,1,0,1,1
3,15.6,8,5,2.2,899.0,False,False,3,1024.0,-1.0,1,0,2,1
3,15.6,4,4,2.2,468.0,False,False,3,128.0,-1.0,3,0,1,1
0,13.3,6,5,1.5,639.01,False,True,3,1024.0,-1.0,1,0,1,1
1,15.6,16,5,2.62,1479.0,False,False,3,256.0,1024.0,3,1,2,1
3,15.6,4,5,1.8,829.0,False,False,3,256.0,-1.0,3,0,1,1
3,15.6,4,5,2.2,579.0,False,False,3,1024.0,-1.0,1,0,2,1
3,15.6,8,5,2.0,399.0,False,False,0,1024.0,-1.0,1,0,1,1
3,15.6,8,5,1.99,906.62,False,False,3,1024.0,-1.0,1,0,2,1
3,14.0,2,5,1.42,249.0,False,False,0,32.0,-1.0,0,0,1,1
1,15.6,8,5,2.5,1109.0,True,False,3,128.0,1024.0,3,1,2,1
3,17.0,8,5,2.6,520.9,False,False,2,1024.0,-1.0,1,0,0,0
1,15.6,8,4,2.5,1169.0,True,False,3,1024.0,-1.0,1,0,2,1
3,15.6,4,5,2.4,450.0,False,False,0,500.0,-1.0,1,0,1,1
3,14.0,4,5,1.43,274.0,False,False,0,32.0,-1.0,0,0,1,1
4,14.0,8,5,1.8,919.0,True,False,3,256.0,-1.0,3,0,1,1
3,13.3,8,5,1.2,1213.0,False,False,3,256.0,-1.0,3,0,1,1
1,15.6,8,2,2.4,709.0,False,False,3,1024.0,-1.0,1,0,2,1
4,13.3,8,5,1.2,1449.9,False,False,3,256.0,-1.0,3,0,1,1
1,15.6,8,5,2.2,1191.8,False,False,3,128.0,1024.0,3,1,2,1
3,15.6,4,4,1.86,364.9,False,False,0,500.0,-1.0,1,0,1,1
3,15.6,8,5,2.0,1064.0,True,False,3,500.0,-1.0,1,0,1,1
3,15.6,8,5,2.2,919.0,False,False,3,256.0,-1.0,3,0,0,1
3,15.6,16,5,2.2,1135.0,False,False,3,256.0,2048.0,3,1,0,1
1,15.6,8,5,3.31,1196.0,True,False,3,128.0,1024.0,3,1,2,1
3,14.0,8,5,1.56,1229.0,False,False,3,256.0,-1.0,3,0,1,1
3,15.6,4,5,2.2,419.0,False,False,0,500.0,-1.0,1,0,1,1
3,15.6,4,5,2.2,535.0,False,False,3,500.0,-1.0,1,0,1,1
3,15.6,6,5,2.04,539.0,False,False,3,1024.0,-1.0,1,0,0,1
1,17.3,8,5,2.7,1486.77,False,False,3,128.0,1024.0,3,1,2,1
3,15.6,4,5,2.1,498.0,False,False,0,128.0,-1.0,3,0,1,1
3,15.6,8,5,2.06,955.0,False,False,3,1024.0,-1.0,1,0,1,1
3,15.6,8,5,2.1,745.0,False,False,3,1024.0,-1.0,1,0,0,1
3,15.6,8,5,2.0,1258.0,True,False,3,256.0,-1.0,3,0,1,1
3,15.6,4,2,2.1,412.0,False,False,0,128.0,-1.0,3,0,1,1
3,15.6,8,5,1.9,817.95,False,False,3,128.0,1024.0,3,1,0,1
0,13.3,8,5,1.3,1034.0,True,True,3,256.0,-1.0,3,0,1,1
3,15.6,4,5,2.2,349.0,False,False,0,128.0,-1.0,3,0,0,0
0,14.0,4,5,1.63,699.0,True,True,3,128.0,-1.0,3,0,2,1
1,15.6,16,5,2.4,1294.0,False,False,3,256.0,1024.0,3,1,2,1
4,14.0,8,5,1.1,1135.0,False,False,3,256.0,-1.0,3,0,1,1
0,11.6,8,1,1.4,495.0,False,True,0,64.0,-1.0,0,0,1,1
1,15.6,16,5,2.5,1299.0,False,False,3,256.0,-1.0,3,0,2,1
1,15.6,8,5,2.2,997.9,False,False,3,256.0,-1.0,3,0,2,1
3,15.6,4,5,1.86,419.0,False,False,0,128.0,-1.0,3,0,1,1
3,17.3,4,5,2.5,699.0,True,False,3,256.0,-1.0,3,0,0,1
0,13.3,8,5,1.19,1499.0,True,True,3,512.0,-1.0,3,0,1,1
3,15.6,4,5,1.86,612.61,False,False,0,500.0,-1.0,1,0,0,1
3,15.6,4,5,2.2,545.67,False,False,0,1024.0,-1.0,1,0,0,1
3,17.3,6,5,2.65,569.0,True,False,3,2048.0,-1.0,1,0,0,0
3,15.6,4,5,2.1,318.0,False,False,0,500.0,-1.0,1,0,1,1
3,14.0,4,1,1.45,375.0,False,False,0,32.0,-1.0,0,0,1,1
3,14.0,4,5,1.7,699.0,False,False,3,256.0,-1.0,3,0,1,1
3,13.3,8,5,1.5,973.0,True,False,3,256.0,-1.0,3,0,1,1
2,11.6,4,5,1.4,269.0,False,False,0,32.0,-1.0,0,0,1,1
0,12.5,4,1,1.2,669.0,False,True,3,64.0,-1.0,0,0,1,1
3,15.6,4,5,2.1,689.0,True,False,3,500.0,-1.0,1,0,0,1
1,15.6,8,5,2.56,819.0,False,False,3,1024.0,-1.0,1,0,2,1
3,15.6,4,5,2.2,399.0,False,False,3,256.0,-1.0,3,0,0,0
3,15.6,8,5,2.2,429.0,False,False,0,1024.0,-1.0,1,0,0,0
3,15.6,4,5,2.1,621.45,False,False,3,1024.0,1024.0,1,1,1,1
3,15.6,4,4,1.9,450.0,False,False,0,500.0,-1.0,1,0,1,1
3,15.6,8,5,2.18,795.0,False,False,3,256.0,-1.0,3,0,1,1
0,13.3,8,5,1.6,999.0,True,True,3,256.0,-1.0,3,0,1,1
3,14.0,8,5,1.8,1191.0,False,False,3,256.0,-1.0,3,0,1,1
3,17.3,6,5,2.71,655.01,True,False,3,2048.0,-1.0,1,0,0,0
1,15.6,8,5,2.5,1249.0,True,False,3,128.0,1024.0,3,1,2,1
3,14.0,8,2,1.64,1089.0,False,False,3,256.0,-1.0,3,0,2,1
3,15.6,8,2,1.98,726.0,False,False,3,1024.0,-1.0,1,0,1,1
3,14.0,4,5,1.5,298.0,False,False,3,32.0,-1.0,0,0,1,1
3,15.6,16,5,1.93,1426.66,False,False,3,512.0,-1.0,3,0,1,1
3,14.0,8,5,1.87,857.07,True,False,3,256.0,-1.0,3,0,2,1
3,15.6,8,5,1.9,1179.0,False,False,3,256.0,-1.0,3,0,1,1
3,15.6,4,5,2.19,298.0,False,False,0,500.0,-1.0,1,0,0,0
3,17.3,8,5,2.63,1200.0,False,False,3,256.0,-1.0,3,0,2,1
0,13.3,8,5,1.58,836.6,True,True,0,256.0,-1.0,3,0,1,1
4,14.0,8,5,1.32,1499.0,True,False,3,256.0,-1.0,3,0,1,1
1,17.3,8,5,2.7,1348.48,False,False,3,128.0,1024.0,3,1,2,1
3,15.6,4,4,1.9,489.9,False,False,0,1024.0,-1.0,1,0,1,1
3,15.6,8,5,2.2,719.0,False,False,3,128.0,1024.0,3,1,0,1
0,13.3,4,5,1.71,649.0,False,True,3,1024.0,-1.0,1,0,1,1
3,15.6,8,2,2.32,589.52,False,False,0,1024.0,-1.0,1,0,0,1
3,15.6,4,5,2.1,489.0,False,False,3,1024.0,-1.0,1,0,0,0
3,15.6,12,5,2.25,649.0,False,False,0,1024.0,-1.0,1,0,1,1
3,15.6,6,5,2.1,650.0,False,False,3,128.0,1024.0,3,1,0,0
3,15.6,4,5,2.4,559.0,False,False,0,500.0,-1.0,1,0,1,1
3,13.3,8,5,1.44,960.0,True,False,3,256.0,-1.0,3,0,1,1
3,15.6,4,5,1.85,779.0,False,False,3,1024.0,-1.0,1,0,1,1
0,13.3,8,5,1.55,659.0,False,True,3,1024.0,-1.0,1,0,1,1
3,15.6,4,5,2.4,410.8,False,False,0,500.0,-1.0,1,0,1,1
3,15.6,8,5,2.0,1207.0,False,False,3,128.0,1024.0,3,1,2,1
3,15.6,8,5,2.0,665.0,False,False,0,256.0,-1.0,3,0,1,1
0,14.0,8,5,1.7,999.0,False,True,3,256.0,-1.0,3,0,1,1
3,14.0,2,1,1.68,330.0,False,False,0,32.0,-1.0,0,0,1,1
3,15.6,8,5,1.86,539.0,False,False,3,256.0,-1.0,3,0,1,1
3,14.0,8,5,1.6,1126.71,False,False,0,256.0,-1.0,3,0,1,1
2,11.6,4,5,1.4,475.0,False,True,0,128.0,-1.0,3,0,1,1
3,15.6,4,4,2.45,579.0,False,False,0,1024.0,-1.0,1,0,2,1
4,14.0,4,5,1.7,1096.0,False,False,3,180.0,-1.0,3,0,1,1
3,15.6,4,5,2.37,849.9,False,False,0,256.0,-1.0,3,0,1,1
0,13.3,8,5,1.3,1199.0,True,True,6,256.0,-1.0,3,0,1,1
3,15.6,8,5,2.2,1099.0,True,False,3,128.0,1024.0,3,1,2,1
3,15.6,4,5,2.1,599.0,False,False,0,256.0,-1.0,3,0,1,1
1,15.6,8,5,2.5,1048.0,True,False,3,128.0,1024.0,3,1,2,1
4,13.3,8,5,1.2,1129.0,True,False,6,256.0,-1.0,3,0,1,1
3,13.3,4,5,1.65,849.0,False,False,0,500.0,-1.0,1,0,1,1
3,13.3,4,5,1.6,655.0,False,False,0,128.0,-1.0,3,0,1,1
3,17.3,4,5,2.8,470.34,False,False,0,1024.0,-1.0,1,0,2,1
1,15.6,16,5,2.72,1099.0,True,True,9,128.0,1024.0,3,1,2,1
3,15.6,4,2,2.1,298.0,False,False,0,1024.0,-1.0,1,0,1,1
3,15.6,16,5,2.3,1181.27,False,False,3,256.0,-1.0,3,0,0,1
3,14.0,4,5,1.75,1020.0,True,False,0,128.0,-1.0,3,0,1,1
1,15.6,8,5,2.62,1099.0,False,False,3,1024.0,-1.0,1,0,2,1
4,12.5,4,5,1.26,1244.0,False,False,0,256.0,-1.0,3,0,1,1
0,15.6,12,5,2.3,839.0,False,True,3,2048.0,-1.0,1,0,2,1
3,14.0,4,5,1.8,636.0,True,False,3,128.0,-1.0,3,0,1,1
3,15.6,8,5,2.0,581.9,False,False,3,128.0,-1.0,3,0,1,1
3,15.6,8,4,2.2,329.0,False,False,0,1024.0,-1.0,1,0,1,1
1,15.6,8,5,2.2,1089.0,False,False,3,128.0,1024.0,3,1,2,1
1,15.6,4,5,2.4,999.0,True,False,3,1024.0,-1.0,1,0,2,1
1,15.6,8,5,2.62,985.0,False,False,3,256.0,-1.0,3,0,2,1
1,15.6,8,5,2.24,1339.0,False,False,3,128.0,1024.0,3,1,2,1
0,15.6,8,5,2.08,959.0,False,True,3,256.0,-1.0,3,0,0,1
4,12.0,8,3,0.92,1165.0,True,False,5,512.0,-1.0,0,0,1,1
3,14.0,4,5,1.63,299.0,False,False,0,32.0,-1.0,0,0,1,1
3,15.6,8,5,1.95,810.0,False,False,0,128.0,-1.0,3,0,1,1
0,13.9,8,5,1.38,1349.0,True,True,3,256.0,-1.0,3,0,1,1
3,15.6,8,5,2.0,739.0,False,False,3,256.0,-1.0,3,0,0,1
3,15.6,8,5,2.37,1099.0,False,False,3,256.0,-1.0,3,0,1,1
4,13.3,8,5,1.29,1499.0,False,False,3,256.0,-1.0,3,0,1,1
2,11.6,4,5,1.63,744.0,False,False,0,128.0,-1.0,3,0,1,1
2,12.5,8,5,1.26,1389.0,False,False,0,256.0,-1.0,3,0,1,1
3,15.6,4,5,2.1,780.0,False,False,0,500.0,-1.0,1,0,1,1
3,15.6,8,5,2.04,629.0,False,False,0,2048.0,-1.0,1,0,0,0
3,15.6,4,5,2.4,609.0,False,False,3,1024.0,-1.0,1,0,2,1
3,15.6,8,5,1.98,961.0,False,False,3,1024.0,-1.0,1,0,2,1
3,15.6,8,5,2.18,789.81,False,False,3,256.0,-1.0,3,0,0,1
2,11.6,4,1,1.23,385.0,False,False,0,16.0,-1.0,0,0,1,1
3,14.0,4,5,1.76,755.0,False,False,0,500.0,-1.0,1,0,1,1
3,15.6,4,5,2.1,489.9,False,False,0,500.0,-1.0,1,0,1,1
4,14.0,4,5,1.25,1090.0,False,False,0,128.0,-1.0,3,0,1,1
1,15.6,8,5,2.4,1199.0,False,False,3,256.0,-1.0,3,0,2,1
3,14.0,4,5,1.75,499.0,False,False,0,128.0,-1.0,3,0,1,1
0,13.3,8,5,1.1,1358.0,False,True,3,256.0,-1.0,3,0,1,1
3,14.0,4,5,1.76,585.0,False,False,0,500.0,-1.0,1,0,1,1
2,11.6,4,1,1.35,355.0,True,False,0,32.0,-1.0,0,0,1,1
3,14.0,8,5,1.5,619.0,True,False,3,128.0,-1.0,3,0,1,1
3,15.6,4,2,2.1,519.0,False,False,3,1024.0,-1.0,1,0,2,1
3,14.0,8,5,1.7,1186.0,False,False,3,256.0,-1.0,3,0,1,1
3,15.6,4,5,2.0,669.0,False,False,0,500.0,-1.0,1,0,1,1
3,14.0,4,1,1.5,325.0,False,False,0,16.0,-1.0,0,0,1,1
3,15.6,8,5,2.3,590.0,False,False,3,128.0,-1.0,1,0,1,1
3,17.3,8,5,2.63,910.0,False,False,2,1024.0,-1.0,1,0,2,1
3,15.6,8,5,2.18,713.99,False,False,0,128.0,-1.0,3,0,1,1
3,15.6,4,5,2.18,739.0,False,False,3,256.0,-1.0,3,0,0,1
0,11.6,4,1,1.4,615.0,False,True,0,32.0,-1.0,0,0,1,1
4,13.3,8,5,1.45,1026.0,True,False,3,512.0,-1.0,3,0,2,1
4,14.0,8,5,1.54,1468.0,False,False,3,512.0,-1.0,3,0,1,1
3,15.6,4,4,1.86,299.0,False,False,0,128.0,-1.0,3,0,1,1
3,17.3,8,2,2.83,865.0,False,False,3,1024.0,-1.0,1,0,0,1
3,15.6,8,5,2.3,787.0,True,False,3,256.0,-1.0,3,0,2,1
3,15.6,8,5,1.9,945.0,False,False,3,128.0,-1.0,3,0,1,1
3,15.6,4,5,2.0,449.0,False,False,0,1024.0,-1.0,1,0,1,1
3,13.3,8,5,1.62,649.0,False,True,3,1024.0,-1.0,1,0,1,1
3,15.6,4,4,2.2,469.0,False,False,3,1024.0,-1.0,1,0,1,1
3,15.6,8,5,2.3,850.66,True,False,3,1024.0,-1.0,1,0,1,1
3,15.6,8,5,1.84,1349.0,False,False,3,256.0,-1.0,3,0,0,1
3,13.3,4,5,1.05,1285.0,False,False,3,128.0,-1.0,3,0,1,1
1,15.6,8,4,2.5,1017.0,True,False,3,1024.0,-1.0,1,0,2,1
3,15.6,4,5,2.07,910.0,False,False,3,500.0,-1.0,1,0,1,1
4,13.3,8,5,1.2,1095.0,False,False,0,256.0,-1.0,3,0,1,1
3,14.0,8,5,1.56,902.0,True,False,3,256.0,-1.0,3,0,1,1
3,15.6,4,5,2.38,1055.0,False,False,0,500.0,-1.0,1,0,1,1
3,15.6,4,4,2.2,479.0,False,False,3,1024.0,-1.0,1,0,0,1
3,15.6,8,5,2.0,1388.0,True,False,3,256.0,-1.0,3,0,1,1
3,13.3,4,5,1.44,735.0,True,False,3,180.0,-1.0,3,0,1,1
3,15.6,4,2,2.0,398.99,False,False,0,1024.0,-1.0,1,0,1,1
3,15.6,4,5,2.18,912.5,False,False,3,128.0,1024.0,3,1,2,1
3,15.6,4,5,2.04,839.0,False,False,3,256.0,-1.0,3,0,1,1
0,15.6,4,5,2.3,684.8,False,True,0,500.0,-1.0,1,0,1,1
3,14.1,4,5,1.65,348.0,False,False,0,32.0,-1.0,0,0,1,1
3,15.6,8,5,2.2,669.0,True,False,3,1024.0,-1.0,1,0,2,1
3,15.6,4,5,2.2,369.0,False,False,0,500.0,-1.0,1,0,1,1
3,15.6,4,2,2.18,455.7,False,False,0,1024.0,-1.0,1,0,0,1
1,17.3,12,5,2.2,1369.9,False,False,3,128.0,1024.0,3,1,2,1
2,11.6,4,1,1.25,297.0,True,False,0,32.0,-1.0,0,0,1,1
3,17.3,4,5,2.8,379.0,False,False,2,500.0,-1.0,1,0,0,0
3,14.0,4,5,1.95,1265.0,False,False,3,128.0,-1.0,3,0,1,1
0,13.3,16,5,1.42,1399.0,False,True,6,256.0,-1.0,3,0,1,1
3,13.3,8,5,1.05,1475.0,False,False,3,256.0,-1.0,3,0,1,1
1,15.6,8,2,2.62,929.0,False,False,3,1024.0,-1.0,1,0,2,1
3,15.6,8,5,2.04,900.0,False,False,3,1024.0,-1.0,1,0,2,1
3,15.6,4,5,2.18,614.0,False,False,0,1024.0,-1.0,1,0,0,1
3,15.6,8,5,1.9,935.0,False,False,3,500.0,-1.0,1,0,1,1
1,17.3,32,5,3.58,1279.0,True,False,3,256.0,256.0,3,3,2,1
2,12.5,8,5,1.26,1483.0,False,False,3,512.0,-1.0,3,0,1,1
3,15.6,4,1,2.2,359.0,True,False,3,16.0,-1.0,0,0,1,1
3,15.6,8,5,2.6,789.0,True,False,3,128.0,1024.0,3,1,2,1
3,14.0,8,5,1.6,1205.0,False,False,3,256.0,-1.0,3,0,1,1
3,15.6,6,5,2.2,789.0,False,False,3,256.0,-1.0,3,0,2,1
3,15.6,8,5,2.04,1018.99,False,False,3,256.0,-1.0,3,0,2,1
3,15.6,4,5,2.4,499.0,False,False,3,1024.0,-1.0,1,0,1,1
3,13.3,4,5,1.44,881.0,False,False,3,128.0,-1.0,3,0,1,1
3,13.3,8,5,1.49,960.0,False,False,3,256.0,-1.0,3,0,1,1
1,15.6,16,5,2.6,1349.0,False,False,3,128.0,1024.0,3,1,2,1
1,15.6,8,5,2.2,1119.91,False,False,3,128.0,1024.0,3,1,2,1
3,15.6,4,5,2.18,684.99,False,False,0,1024.0,-1.0,1,0,0,1
4,15.6,8,5,1.84,1296.99,False,False,3,256.0,-1.0,3,0,0,1
4,13.3,8,5,1.39,1149.0,False,True,6,256.0,-1.0,3,0,1,1
3,15.6,4,5,1.95,729.9,False,False,0,500.0,-1.0,1,0,1,1
3,15.6,8,5,2.31,1165.0,False,False,3,256.0,-1.0,3,0,1,1
3,15.6,4,5,2.18,708.06,False,False,0,1024.0,-1.0,1,0,1,1
3,14.0,4,5,1.95,1149.0,False,False,0,500.0,-1.0,1,0,1,1
3,15.6,4,5,2.2,309.0,False,False,0,1024.0,-1.0,1,0,1,1
3,15.6,4,4,1.86,288.9,False,False,0,1024.0,-1.0,1,0,1,1
3,14.0,4,5,1.47,1105.0,True,False,3,128.0,-1.0,3,0,1,1
3,15.6,4,5,2.18,558.6,False,False,0,1024.0,-1.0,1,0,1,1
1,15.6,8,5,2.2,1199.0,False,False,3,128.0,1024.0,3,1,2,1
1,17.3,8,5,2.75,1399.0,True,False,3,128.0,1024.0,3,1,2,1
3,17.3,4,5,2.8,530.0,False,False,2,1024.0,-1.0,1,0,2,1
3,15.6,4,5,2.23,619.0,False,False,0,500.0,-1.0,1,0,1,1
3,15.6,8,5,2.2,1119.0,False,False,0,256.0,-1.0,3,0,1,1
0,11.3,8,5,1.1,1299.0,True,True,3,256.0,-1.0,3,0,1,1
1,15.6,16,5,2.5,999.0,True,False,3,512.0,1024.0,3,1,0,0
4,12.5,8,5,1.36,1472.2,False,True,3,256.0,-1.0,3,0,1,1
3,15.6,8,4,2.2,685.0,False,False,3,1024.0,-1.0,1,0,2,1
3,17.3,4,5,2.36,659.0,False,False,2,1024.0,-1.0,1,0,0,1
3,14.0,4,1,1.68,349.0,False,False,0,32.0,-1.0,0,0,1,1
3,13.3,8,7,1.2,1460.0,False,False,3,256.0,-1.0,3,0,1,1
0,12.5,8,1,1.2,1159.0,False,False,3,64.0,-1.0,0,0,1,1
4,14.0,8,5,1.7,1488.99,True,False,3,256.0,-1.0,3,0,1,1
0,11.6,4,5,1.45,775.0,False,True,0,256.0,-1.0,3,0,1,1
4,13.3,8,5,1.3,1268.0,False,False,6,256.0,-1.0,3,0,1,1
0,11.6,4,1,1.25,389.0,True,True,0,32.0,-1.0,0,0,1,1
3,15.6,12,5,2.4,1009.0,False,False,3,128.0,1024.0,3,1,2,1
3,15.6,8,5,2.04,846.5,False,False,0,1024.0,-1.0,1,0,2,1
3,15.6,4,2,2.25,465.62,False,False,0,1024.0,-1.0,1,0,0,1
3,15.6,4,5,1.9,825.0,False,False,0,500.0,-1.0,1,0,1,1
3,15.6,4,5,2.04,685.0,False,False,3,500.0,-1.0,1,0,1,1
3,15.6,6,5,2.4,695.0,False,False,3,256.0,-1.0,3,0,2,1
3,14.0,8,5,1.95,1180.0,False,False,3,256.0,-1.0,3,0,1,1
3,15.6,8,5,2.04,979.0,True,False,3,128.0,1024.0,3,1,2,1
3,14.0,4,7,1.7,1002.0,False,False,0,508.0,-1.0,2,0,1,1
3,15.6,6,5,2.04,579.0,False,False,0,1024.0,-1.0,1,0,1,1
0,15.6,12,5,2.19,1299.0,True,True,3,512.0,-1.0,3,0,1,1
3,13.3,4,7,1.2,1195.0,False,False,3,128.0,-1.0,3,0,1,1
3,15.6,6,5,2.2,549.0,False,False,3,256.0,-1.0,3,0,0,0
3,14.0,4,5,1.75,915.0,False,False,0,500.0,-1.0,1,0,1,1
3,15.6,4,5,2.25,599.0,False,False,0,500.0,-1.0,1,0,0,1
3,15.6,8,5,2.04,806.0,False,False,3,1024.0,-1.0,1,0,1,1
1,15.6,8,5,2.5,1189.0,True,False,3,128.0,1024.0,3,1,2,1
3,15.6,8,5,2.36,749.0,False,False,0,1024.0,-1.0,1,0,0,1
3,14.0,8,5,1.6,1119.0,False,False,3,128.0,-1.0,3,0,1,1
3,15.6,4,5,2.1,499.0,False,False,3,128.0,1024.0,3,1,0,1
3,15.6,4,4,1.9,270.62,False,False,0,128.0,-1.0,3,0,1,1
3,15.6,8,5,2.3,1349.0,False,False,3,256.0,-1.0,3,0,1,1
0,13.3,8,5,1.68,889.0,False,True,3,256.0,-1.0,3,0,1,1
3,13.3,8,5,1.4,1150.0,False,False,6,256.0,-1.0,3,0,1,1
4,13.3,8,5,1.11,1349.0,True,True,3,256.0,-1.0,3,0,1,1
3,15.6,4,5,2.4,380.0,False,False,0,500.0,-1.0,1,0,1,1
1,15.6,8,5,2.7,1260.0,True,False,3,128.0,1024.0,3,1,2,1
3,13.3,8,5,1.34,1189.0,True,False,3,256.0,-1.0,3,0,1,1
3,15.6,4,5,2.18,547.0,False,False,0,128.0,-1.0,3,0,1,1
3,14.0,4,5,1.64,779.0,False,False,0,500.0,-1.0,1,0,1,1
3,13.3,4,5,1.2,1195.0,False,False,3,128.0,-1.0,3,0,1,1
3,14.0,4,5,1.48,1099.99,False,False,0,256.0,-1.0,3,0,1,1
3,14.0,4,5,1.95,1205.0,False,False,3,256.0,-1.0,3,0,1,1
4,14.0,8,7,1.43,1449.0,False,False,3,256.0,-1.0,3,0,1,1
3,14.0,8,5,1.64,1049.26,False,False,3,256.0,-1.0,3,0,2,1
3,14.0,4,5,1.64,684.0,False,False,0,500.0,-1.0,1,0,1,1
1,15.6,8,5,2.65,949.0,False,False,3,1024.0,-1.0,2,0,2,1
3,13.3,4,5,1.49,800.0,False,False,0,500.0,-1.0,1,0,1,1
3,13.3,8,5,1.5,1210.0,False,False,0,256.0,-1.0,3,0,1,1
3,15.6,4,5,2.04,769.99,False,False,0,256.0,-1.0,3,0,1,1
3,14.0,8,5,1.47,1490.0,True,False,3,256.0,-1.0,3,0,1,1
0,15.6,4,5,2.08,795.99,True,True,3,1024.0,-1.0,1,0,1,1
3,13.3,8,5,1.11,1149.0,True,False,3,256.0,-1.0,3,0,1,1
3,14.0,8,5,1.64,1185.43,False,False,3,256.0,-1.0,3,0,2,1
3,15.6,8,5,2.09,1046.44,False,False,3,500.0,-1.0,1,0,1,1
3,14.0,4,5,2.31,1189.0,False,False,0,500.0,-1.0,1,0,1,1
3,14.0,4,5,1.95,1060.0,False,False,0,500.0,-1.0,1,0,1,1
3,17.3,8,5,2.63,1080.0,False,False,3,256.0,-1.0,3,0,2,1
3,14.0,4,5,1.64,973.0,False,False,0,256.0,-1.0,3,0,1,1
3,15.6,6,5,2.1,409.0,False,False,0,1024.0,-1.0,1,0,0,0
1,17.3,8,5,2.7,1191.8,False,False,3,128.0,1024.0,3,1,2,1
3,14.0,8,7,1.95,1195.0,False,False,3,256.0,-1.0,3,0,1,1
3,15.6,8,5,1.84,1228.99,False,False,3,256.0,-1.0,3,0,1,1
4,12.5,8,5,1.26,1349.0,False,False,3,256.0,-1.0,3,0,1,1
3,15.6,4,5,2.04,742.0,False,False,0,500.0,-1.0,1,0,1,1
3,15.6,8,7,2.09,1062.95,False,False,3,256.0,-1.0,3,0,1,1
3,14.0,8,5,1.64,1010.51,False,False,3,256.0,-1.0,3,0,1,1
0,15.6,4,5,1.8,847.0,True,True,3,256.0,-1.0,3,0,1,1
3,15.6,16,5,2.4,1425.0,True,False,3,256.0,-1.0,3,0,2,1
3,15.6,8,5,2.3,1049.6,False,False,3,256.0,-1.0,3,0,1,1
3,14.0,4,5,1.54,1000.0,False,False,3,500.0,-1.0,1,0,1,1
3,14.0,8,7,1.43,1469.0,False,False,3,256.0,-1.0,3,0,1,1
2,11.6,4,1,1.2,287.9,False,False,0,16.0,-1.0,0,0,1,1
3,15.6,8,5,1.91,979.0,True,False,3,1024.0,-1.0,1,0,2,1
0,15.6,8,5,2.3,1094.0,True,True,3,256.0,-1.0,3,0,1,1
3,15.6,4,5,2.04,979.0,False,False,0,256.0,-1.0,3,0,1,1
3,15.6,4,5,2.31,705.15,False,False,0,500.0,-1.0,1,0,1,1
3,15.6,4,4,1.96,499.0,False,False,0,500.0,-1.0,1,0,1,1
3,15.6,8,5,2.4,449.0,False,False,0,1024.0,-1.0,1,0,0,0
0,13.3,12,5,1.6,1299.0,True,True,3,256.0,-1.0,3,0,1,1
3,15.6,8,5,2.04,1070.0,False,False,3,256.0,-1.0,3,0,1,1
1,17.3,16,4,4.0,998.0,True,False,3,1024.0,-1.0,1,0,2,1
3,15.6,4,5,2.25,559.0,False,False,3,1024.0,-1.0,1,0,1,1
3,15.6,16,5,2.32,989.99,False,False,3,2048.0,-1.0,1,0,0,1
4,13.3,8,5,1.29,1458.0,False,False,3,256.0,-1.0,3,0,1,1
0,13.3,8,5,1.62,798.01,False,True,3,256.0,-1.0,3,0,1,1
1,15.6,16,5,3.21,1329.0,False,False,9,256.0,1024.0,3,1,2,1
4,12.0,8,3,0.92,1300.0,True,False,5,256.0,-1.0,0,0,1,1
3,15.6,4,5,2.06,481.98,False,False,0,500.0,-1.0,1,0,1,1
3,15.6,4,5,2.31,1199.0,False,False,0,500.0,-1.0,1,0,1,1
4,12.5,8,7,1.26,1199.0,False,False,3,256.0,-1.0,3,0,1,1
3,13.3,8,5,1.49,1090.0,False,False,3,256.0,-1.0,3,0,1,1
3,17.3,8,5,3.0,659.0,False,False,2,1024.0,-1.0,1,0,0,1
3,15.6,4,5,2.3,977.0,True,False,3,1024.0,-1.0,1,0,2,1
3,15.6,4,5,2.1,540.0,False,False,0,500.0,-1.0,1,0,1,1
3,15.6,4,7,2.31,940.0,False,False,3,500.0,-1.0,1,0,1,1
4,12.5,8,5,0.99,1399.0,True,True,6,512.0,-1.0,3,0,1,1
0,10.1,4,5,0.69,646.27,True,True,4,64.0,-1.0,0,0,1,1
3,15.6,8,5,2.18,750.0,False,False,3,256.0,-1.0,3,0,1,1
3,14.0,4,7,1.54,1030.99,False,False,3,500.0,-1.0,1,0,1,1
5,15.6,8,7,1.9,1495.0,False,False,3,256.0,-1.0,3,0,0,1
3,14.0,8,7,1.7,1199.0,False,False,3,180.0,-1.0,3,0,1,1
3,13.3,4,1,1.29,615.0,False,False,6,32.0,-1.0,0,0,1,1
3,15.6,4,5,2.4,387.0,False,False,0,500.0,-1.0,1,0,0,0
3,15.6,4,2,2.2,393.49,False,False,0,500.0,-1.0,1,0,1,1
3,15.6,4,4,1.86,345.99,False,False,0,1024.0,-1.0,1,0,1,1
4,13.3,4,5,1.4,818.35,True,False,3,256.0,-1.0,3,0,0,1
3,15.6,8,5,2.4,799.0,False,False,3,256.0,1024.0,3,1,2,1
3,15.6,8,5,2.36,638.8,False,False,3,1024.0,-1.0,1,0,0,1
3,15.6,4,5,1.96,500.0,False,False,0,1024.0,-1.0,1,0,1,1
4,12.5,4,7,1.5,1135.15,False,False,0,500.0,-1.0,1,0,1,1
4,12.5,4,7,1.5,1166.97,False,False,0,128.0,-1.0,3,0,1,1
3,15.6,4,1,2.2,209.0,False,False,0,16.0,-1.0,3,0,1,1
1,15.6,16,5,2.4,1199.0,False,False,3,512.0,-1.0,3,0,2,1
4,12.5,8,7,1.5,1413.1,False,False,0,256.0,-1.0,3,0,1,1
0,15.6,4,5,2.1,867.0,True,True,3,256.0,-1.0,3,0,1,1
3,15.6,4,5,2.1,398.0,False,False,3,1024.0,-1.0,1,0,0,0
1,15.6,16,5,2.59,1339.0,True,False,3,128.0,1024.0,3,1,2,1
3,15.6,4,7,2.24,769.15,False,False,0,500.0,-1.0,1,0,0,1
3,15.6,4,5,2.1,429.0,False,False,0,128.0,-1.0,3,0,1,1
0,10.1,4,0,0.69,549.0,True,True,4,64.0,-1.0,0,0,1,1
4,13.3,8,5,1.23,1379.0,False,False,3,256.0,-1.0,3,0,1,1
1,17.3,8,5,3.52,1312.49,False,False,3,128.0,1024.0,3,1,2,1
3,15.6,4,2,2.09,523.63,False,False,0,500.0,-1.0,1,0,1,1
3,15.6,4,5,2.0,435.0,False,False,0,1024.0,-1.0,1,0,1,1
0,10.1,4,5,0.69,479.0,True,True,4,64.0,-1.0,0,0,1,1
1,15.6,8,4,2.4,989.0,True,False,3,128.0,1024.0,3,1,2,1
1,17.3,8,5,3.35,1129.0,True,False,3,128.0,1024.0,3,1,2,1
3,15.6,8,5,2.04,629.0,False,False,0,2048.0,-1.0,1,0,1,1
3,14.0,4,5,1.5,278.0,False,False,0,32.0,-1.0,0,0,1,1
4,15.6,8,5,1.84,752.0,False,False,3,256.0,-1.0,3,0,1,1
3,15.6,4,5,2.23,616.0,False,False,3,1024.0,-1.0,1,0,2,1
3,15.6,16,5,2.5,1099.0,False,False,3,1024.0,-1.0,2,0,0,1
3,15.6,8,5,2.5,784.0,False,False,0,1024.0,-1.0,1,0,0,1
1,15.6,8,5,2.4,1142.8,False,False,3,128.0,1024.0,3,1,2,1
3,15.6,8,5,2.18,1009.9,False,False,3,256.0,-1.0,3,0,2,1
3,15.6,4,4,1.9,339.0,False,False,0,1024.0,-1.0,1,0,1,1
3,15.6,4,5,1.86,297.0,False,False,0,500.0,-1.0,1,0,0,0
3,15.6,8,4,2.32,599.0,False,False,3,1024.0,-1.0,1,0,0,1
1,15.6,8,5,2.62,1199.0,False,False,3,1024.0,-1.0,1,0,2,1
3,15.6,4,5,1.91,478.89,False,False,3,256.0,-1.0,3,0,0,0
1,17.3,16,5,2.7,1492.8,False,False,3,256.0,1024.0,3,1,2,1
3,15.6,8,5,2.5,788.49,False,False,3,1024.0,-1.0,2,0,0,1
4,14.0,8,7,1.7,1499.0,False,False,3,256.0,-1.0,3,0,1,1
1,15.6,8,5,2.62,899.0,True,False,3,1024.0,-1.0,1,0,2,1
3,15.6,8,5,2.2,459.0,False,False,0,1024.0,-1.0,1,0,1,1
3,15.6,4,4,2.1,476.99,False,False,0,500.0,-1.0,1,0,1,1
1,15.6,8,5,2.62,1498.0,False,False,9,128.0,1024.0,3,1,2,1
3,15.6,8,5,1.95,1390.0,True,False,3,256.0,-1.0,3,0,1,1
3,15.6,4,5,2.2,468.0,False,False,3,1024.0,-1.0,1,0,2,1
3,14.0,2,5,1.44,249.0,False,False,0,32.0,-1.0,0,0,1,1
1,15.6,8,5,2.2,839.0,True,False,3,1024.0,-1.0,1,0,2,1
3,15.6,8,5,1.96,679.0,False,False,3,256.0,-1.0,3,0,1,1
3,15.6,16,5,2.1,1159.0,False,False,3,512.0,-1.0,3,0,1,1
3,15.6,4,5,2.2,369.0,False,False,0,500.0,-1.0,1,0,1,1
3,15.6,4,4,2.1,398.0,False,False,0,500.0,-1.0,1,0,1,1
3,15.6,8,4,2.2,709.0,False,False,3,1024.0,-1.0,1,0,2,1
3,14.0,4,5,2.0,769.0,False,False,3,256.0,-1.0,3,0,1,1
3,15.6,4,7,2.32,825.0,False,False,3,1024.0,-1.0,2,0,1,1
1,15.6,16,5,3.31,1305.0,True,False,3,512.0,-1.0,3,0,2,1
3,15.6,4,5,2.07,650.0,False,False,0,500.0,-1.0,1,0,1,1
4,15.6,6,5,1.54,831.0,False,False,3,256.0,-1.0,3,0,2,1
3,15.6,8,2,1.98,895.01,False,False,3,256.0,-1.0,3,0,2,1
3,15.6,4,5,2.1,333.0,False,False,0,500.0,-1.0,1,0,1,1
3,15.6,6,5,2.18,799.0,True,False,3,1024.0,-1.0,1,0,2,1
1,15.6,8,5,2.591,909.0,True,False,3,256.0,1024.0,3,1,2,1
0,15.6,16,5,2.09,1179.0,False,True,3,512.0,-1.0,3,0,1,1
3,15.6,4,5,2.23,691.0,False,False,3,256.0,-1.0,3,0,2,1
4,13.3,8,2,1.23,1099.0,False,True,6,256.0,-1.0,3,0,1,1
1,15.6,8,5,2.4,819.0,True,False,3,1024.0,-1.0,1,0,2,1
3,15.6,4,5,1.86,485.0,False,False,0,500.0,-1.0,1,0,1,1
4,12.0,8,3,0.92,1163.0,True,False,5,256.0,-1.0,0,0,1,1
0,13.3,8,5,1.6,1199.0,True,True,3,256.0,-1.0,3,0,1,1
3,15.6,12,5,2.21,1327.0,True,False,3,128.0,1024.0,3,1,2,1
3,15.6,4,4,1.9,368.0,False,False,0,1024.0,-1.0,1,0,0,1
3,15.6,4,2,2.1,272.0,False,False,0,1024.0,-1.0,1,0,1,1
3,15.6,4,5,2.3,499.0,False,False,0,128.0,-1.0,3,0,0,1
3,15.6,8,4,2.2,629.0,False,False,0,500.0,-1.0,1,0,2,1
0,15.6,16,5,2.0,1285.0,False,True,3,512.0,-1.0,3,0,1,1
1,15.6,8,5,2.2,1169.0,False,False,3,1024.0,-1.0,1,0,2,1
3,15.6,8,5,2.36,889.0,False,False,3,256.0,-1.0,3,0,0,1
3,15.6,8,5,1.91,579.0,False,False,0,256.0,-1.0,3,0,1,1
3,15.6,4,5,2.2,299.0,False,False,0,500.0,-1.0,1,0,0,0
3,17.3,8,5,3.3,629.0,False,False,2,1024.0,-1.0,1,0,2,1
4,12.0,8,3,0.92,1279.0,True,False,5,512.0,-1.0,0,0,1,1
0,15.6,8,5,2.191,999.0,True,True,3,256.0,-1.0,3,0,1,1
2,11.6,2,1,1.3,174.0,False,False,0,32.0,-1.0,3,0,1,1
3,17.3,4,5,3.3,598.0,False,False,2,1024.0,-1.0,1,0,2,1
3,17.3,8,4,2.8,539.0,False,False,2,1024.0,-1.0,1,0,1,1
1,15.6,8,5,2.6,1272.0,True,False,3,128.0,1024.0,3,1,2,1
0,14.0,8,5,1.2,1149.0,True,True,3,256.0,-1.0,3,0,1,1
1,15.6,8,5,2.2,1476.11,False,False,3,128.0,1024.0,3,1,2,1
3,15.6,6,5,2.1,529.0,False,False,3,1024.0,-1.0,1,0,0,0
0,15.0,4,5,2.08,509.0,False,True,3,500.0,-1.0,1,0,1,1
3,15.6,4,5,2.65,309.0,False,False,0,1024.0,-1.0,1,0,1,1
4,13.3,8,5,1.29,1477.0,False,True,6,256.0,-1.0,3,0,1,1
3,15.6,4,2,2.18,521.86,False,False,0,1024.0,-1.0,1,0,1,1
1,15.6,16,5,2.6,1029.0,True,True,3,128.0,1024.0,3,1,2,1
1,15.6,8,5,2.2,1149.0,False,False,3,128.0,1024.0,3,1,2,1
3,15.6,8,5,2.3,469.01,False,True,0,1024.0,-1.0,1,0,1,1
4,11.6,4,3,1.08,959.0,False,False,0,256.0,-1.0,0,0,1,1
3,15.6,4,5,2.1,478.0,False,False,3,1024.0,-1.0,1,0,1,1
3,15.6,4,7,2.24,737.0,False,False,0,500.0,-1.0,1,0,1,1
1,15.6,8,5,2.3,1169.0,False,False,3,128.0,1024.0,3,1,2,1
3,13.3,16,5,1.4,1499.0,True,False,3,512.0,-1.0,3,0,1,1
3,15.6,6,5,2.2,597.57,False,False,3,256.0,-1.0,3,0,0,0
4,13.3,8,5,1.45,1280.0,False,False,3,256.0,-1.0,3,0,1,1
3,15.6,4,2,2.4,361.8,False,False,0,500.0,-1.0,1,0,1,1
3,14.0,4,7,1.54,1099.99,False,False,3,256.0,-1.0,3,0,1,1
3,14.0,4,5,1.6,875.0,False,False,0,500.0,-1.0,1,0,1,1
3,15.6,8,4,2.3,573.0,True,False,3,256.0,-1.0,3,0,1,1
3,15.6,4,2,2.2,324.0,False,False,0,500.0,-1.0,1,0,1,1
3,15.6,4,5,1.86,399.0,False,False,0,500.0,-1.0,1,0,0,0
3,15.6,6,5,2.4,569.0,False,False,3,128.0,-1.0,3,0,2,1
3,14.0,8,5,1.9,1072.0,True,False,3,256.0,-1.0,3,0,1,1
3,15.6,4,5,2.2,443.99,False,False,0,500.0,-1.0,1,0,1,1
3,15.6,4,5,2.0,339.0,False,False,0,1024.0,-1.0,1,0,1,1
3,15.6,4,5,2.29,490.0,False,False,0,500.0,-1.0,1,0,1,1
3,15.6,8,7,2.32,895.0,False,False,3,1024.0,-1.0,2,0,0,1
1,15.6,8,5,2.4,1229.0,False,False,3,128.0,1024.0,3,1,2,1
0,14.0,4,5,1.8,833.01,False,True,3,128.0,-1.0,3,0,1,1
4,13.3,8,5,1.2,729.0,True,False,3,512.0,-1.0,3,0,1,1
3,15.6,6,5,2.3,459.0,False,False,0,1024.0,-1.0,1,0,1,1
3,15.6,4,2,2.4,289.0,False,False,0,500.0,-1.0,1,0,1,1
3,15.6,2,5,2.2,379.0,False,False,0,500.0,-1.0,1,0,1,1
3,15.6,8,5,2.6,899.0,True,False,3,1024.0,-1.0,1,0,2,1
3,15.6,6,5,2.04,549.99,False,False,3,1024.0,-1.0,2,0,0,0
3,15.6,8,2,2.3,805.99,False,False,0,1024.0,-1.0,1,0,0,1
2,11.6,2,5,1.17,209.0,False,False,0,32.0,-1.0,0,0,1,1
3,15.6,4,5,2.2,720.32,False,False,0,500.0,-1.0,1,0,2,1
0,14.0,4,5,1.8,638.0,True,True,3,128.0,-1.0,3,0,1,1
0,13.3,16,5,1.3,1499.0,True,True,6,512.0,-1.0,3,0,1,1
3,14.0,2,5,1.5,229.0,False,False,0,64.0,-1.0,0,0,1,1
3,15.6,6,5,2.19,764.0,False,False,0,1024.0,-1.0,1,0,0,1
3,15.6,4,5,2.2,369.0,False,False,0,500.0,-1.0,1,0,1,1
4,13.3,8,5,1.2,729.0,True,False,3,512.0,-1.0,3,0,1,1
3,15.6,6,5,2.3,459.0,False,False,0,1024.0,-1.0,1,0,1,1
3,15.6,4,2,2.4,289.0,False,False,0,500.0,-1.0,1,0,1,1
3,15.6,2,5,2.2,379.0,False,False,0,500.0,-1.0,1,0,1,1
3,15.6,8,5,2.6,899.0,True,False,3,1024.0,-1.0,1,0,2,1
3,15.6,6,5,2.04,549.99,False,False,3,1024.0,-1.0,2,0,0,0
3,15.6,8,2,2.3,805.99,False,False,0,1024.0,-1.0,1,0,0,1
2,11.6,2,5,1.17,209.0,False,False,0,32.0,-1.0,0,0,1,1
3,15.6,4,5,2.2,720.32,False,False,0,500.0,-1.0,1,0,2,1
0,14.0,4,5,1.8,638.0,True,True,3,128.0,-1.0,3,0,1,1
0,13.3,16,5,1.3,1499.0,True,True,6,512.0,-1.0,3,0,1,1
3,14.0,2,5,1.5,229.0,False,False,0,64.0,-1.0,0,0,1,1
3,15.6,6,5,2.19,764.0,False,False,0,1024.0,-1.0,1,0,0,1
3,15.6,4,5,2.2,369.0,False,False,0,500.0,-1.0,1,0,1,1
4,13.3,8,5,1.2,729.0,True,False,3,512.0,-1.0,3,0,1,1
3,15.6,6,5,2.3,459.0,False,False,0,1024.0,-1.0,1,0,1,1
3,15.6,4,2,2.4,289.0,False,False,0,500.0,-1.0,1,0,1,1
3,15.6,2,5,2.2,379.0,False,False,0,500.0,-1.0,1,0,1,1
3,15.6,8,5,2.6,899.0,True,False,3,1024.0,-1.0,1,0,2,1
3,15.6,6,5,2.04,549.99,False,False,3,1024.0,-1.0,2,0,0,0
3,15.6,8,2,2.3,805.99,False,False,0,1024.0,-1.0,1,0,0,1
2,11.6,2,5,1.17,209.0,False,False,0,32.0,-1.0,0,0,1,1
3,15.6,4,5,2.2,720.32,False,False,0,500.0,-1.0,1,0,2,1
0,14.0,4,5,1.8,638.0,True,True,3,128.0,-1.0,3,0,1,1
0,13.3,16,5,1.3,1499.0,True,True,6,512.0,-1.0,3,0,1,1
3,14.0,2,5,1.5,229.0,False,False,0,64.0,-1.0,0,0,1,1
3,15.6,6,5,2.19,764.0,False,False,0,1024.0,-1.0,1,0,0,1
3,15.6,4,5,2.2,369.0,False,False,0,500.0,-1.0,1,0,1,1
